ppg_ibi_mean,ppg_ibi_sdnn,ppg_ibi_rmssd,pnn50,HRV_LF,HRV_HF,LF_HF_ratio,eda_mean,eda_std,eda_max,eda_min,eda_scr_count,eda_scr_mean_amp
55.752808988764045,8.142385839897413,11.714889515639333,0.0,2.3433375791447384,6.309614983757431,0.37139153263346353,0.351579939304159,0.09909289112736672,0.6498781774818737,0.0639475861117487,74,0.21983110522077168
